Src,Det,ch Coord,MNI,label
1,1,141 220 118,15 71 2,Frontal_Med_Orb_R
1,2,130 214 137,3 64 19,Frontal_Sup_Medial_L
1,28,116 220 121,-11 71 4,Frontal_Sup_L
1,29,130 212 122,4 63 5,Frontal_Sup_Medial_R
2,1,152 204 127,26 54 9,Frontal_Mid_R
2,2,142 201 141,16 51 22,Cingulum_Ant_R
2,3,152 207 156,25 56 37,Frontal_Mid_R
2,4,159 196 131,33 46 12,Frontal_Mid_R
2,30,158 217 141,32 66 23,Frontal_Sup_R
3,1,159 211 118,33 61 1,Frontal_Sup_Orb_R
3,4,171 198 121,46 48 3,Frontal_Inf_Tri_R
3,31,165 197 119,40 47 0,Frontal_Mid_Orb_R
4,2,131 193 153,4 43 33,Cingulum_Mid_R
4,3,141 200 176,14 48 55,Frontal_Sup_R
4,5,128 184 190,1 33 67,Supp_Motor_Area_L
4,26,118 199 177,-9 48 56,Frontal_Sup_L
4,32,132 190 171,5 39 49,Frontal_Sup_Medial_R
5,3,155 195 162,29 44 41,Frontal_Sup_R
5,4,168 185 139,42 34 19,Frontal_Mid_R
5,6,171 176 158,45 24 36,Frontal_Inf_Oper_R
5,33,164 189 153,38 37 32,Frontal_Inf_Tri_R
6,4,180 196 125,55 46 6,Frontal_Inf_Tri_R
6,34,166 187 120,40 37 1,Frontal_Inf_Tri_R
7,3,149 183 178,23 31 55,Frontal_Sup_R
7,5,141 174 195,14 22 71,Supp_Motor_Area_R
7,6,169 173 183,43 20 60,Frontal_Mid_R
7,7,160 157 198,34 4 73,Frontal_Sup_R
7,35,154 171 193,28 18 69,Frontal_Sup_R
8,4,181 180 142,55 28 21,Frontal_Inf_Tri_R
8,6,188 171 159,63 19 37,Frontal_Inf_Oper_R
8,8,175 157 145,50 5 22,Frontal_Inf_Oper_R
8,36,193 168 146,68 15 24,Frontal_Inf_Oper_R
9,5,127 157 207,0 4 81,Supp_Motor_Area_L
9,7,141 135 193,15 -18 66,Supp_Motor_Area_R
9,9,126 121 201,0 -31 73,Paracentral_Lobule_R
9,23,114 137 200,-13 -15 74,Paracentral_Lobule_L
9,37,128 136 191,2 -16 65,Paracentral_Lobule_L
10,6,184 155 178,58 2 53,Frontal_Mid_R
10,7,159 136 176,34 -16 50,Precentral_R
10,8,176 140 165,51 -12 41,Postcentral_R
10,10,161 127 172,36 -25 46,Postcentral_R
10,38,174 136 174,49 -17 48,Postcentral_R
11,8,187 140 131,62 -11 8,Temporal_Sup_R
11,11,177 125 115,53 -26 -8,Temporal_Mid_R
11,39,175 134 110,51 -16 -12,Temporal_Mid_R
12,7,157 122 203,32 -31 75,Postcentral_R
12,9,143 106 206,18 -47 77,Parietal_Sup_R
12,10,157 111 179,32 -42 51,Parietal_Inf_R
12,12,158 98 202,33 -56 72,Parietal_Sup_R
12,40,153 107 199,28 -46 70,Postcentral_R
13,8,194 126 150,69 -26 25,Temporal_Sup_R
13,10,171 110 166,46 -42 39,SupraMarginal_R
13,11,172 112 135,47 -39 10,Temporal_Mid_R
13,13,188 101 153,64 -52 26,Angular_R
13,41,175 109 151,51 -44 25,Angular_R
14,9,129 108 188,3 -44 60,Precuneus_L
14,12,140 93 189,15 -60 60,Precuneus_R
14,19,115 90 188,-11 -61 59,Precuneus_L
14,42,124 86 196,-1 -66 66,Precuneus_L
15,10,172 100 178,48 -53 50,Angular_R
15,12,165 82 185,40 -71 55,Angular_R
15,13,172 89 161,48 -63 33,Occipital_Mid_R
15,14,161 78 169,37 -74 40,Angular_R
15,43,154 94 170,29 -58 42,Angular_R
16,11,184 105 119,60 -46 -5,Temporal_Mid_R
16,13,168 93 140,44 -58 13,Temporal_Mid_R
16,44,173 92 123,49 -59 -3,Temporal_Mid_R
17,12,142 73 182,17 -80 52,Parietal_Sup_R
17,14,143 76 161,19 -76 32,Cuneus_R
17,15,127 56 154,3 -95 24,Cuneus_L
17,18,109 60 166,-16 -91 36,Occipital_Sup_L
17,19,111 71 182,-14 -81 52,Parietal_Sup_L
17,45,125 64 174,0 -88 43,Cuneus_L
18,15,115 51 137,-9 -99 8,Occipital_Mid_L
18,17,107 54 121,-18 -95 -7,Occipital_Inf_L
18,18,108 62 147,-17 -88 18,Occipital_Sup_L
18,46,106 56 132,-19 -93 4,Occipital_Mid_L
19,14,148 66 141,24 -85 13,Cuneus_R
19,15,142 54 137,18 -97 8,Occipital_Sup_R
19,16,151 56 120,27 -94 -9,Occipital_Inf_R
19,47,150 52 135,27 -99 6,Occipital_Sup_R
20,15,122 61 128,-2 -88 0,Calcarine_L
20,16,145 64 112,21 -85 -16,Lingual_R
20,17,113 51 111,-11 -98 -17,Lingual_L
20,48,119 65 119,-5 -84 -8,Calcarine_L
21,18,90 71 171,-36 -79 41,Occipital_Mid_L
21,19,97 87 176,-29 -64 47,Parietal_Inf_L
21,20,91 92 158,-35 -58 30,Angular_L
21,21,77 94 181,-49 -56 52,Parietal_Inf_L
21,49,90 88 173,-36 -62 44,Angular_L
22,20,77 89 137,-49 -60 10,Occipital_Mid_L
22,22,61 95 119,-65 -52 -6,Temporal_Mid_L
22,50,87 100 119,-39 -48 -6,Temporal_Inf_L
23,9,114 109 207,-12 -43 78,Postcentral_L
23,19,111 105 187,-14 -47 59,Postcentral_L
23,21,94 111 185,-32 -40 57,Parietal_Inf_L
23,23,109 123 189,-17 -28 62,Postcentral_L
23,51,104 113 198,-22 -39 70,Postcentral_L
24,20,71 97 153,-56 -52 26,SupraMarginal_L
24,21,86 108 164,-40 -42 37,Parietal_Inf_L
24,22,61 108 136,-66 -40 11,Temporal_Sup_L
24,24,82 125 151,-44 -25 26,SupraMarginal_L
24,52,86 112 149,-40 -37 23,Temporal_Sup_L
25,21,84 123 174,-42 -27 47,Parietal_Inf_L
25,23,93 138 185,-33 -13 60,Precentral_L
25,24,68 137 167,-59 -12 42,Postcentral_L
25,25,95 148 167,-32 -2 43,Precentral_L
25,53,80 140 176,-47 -10 51,Postcentral_L
26,22,77 121 116,-49 -27 -7,Temporal_Mid_L
26,24,70 134 132,-57 -14 9,Temporal_Sup_L
26,54,85 134 117,-42 -14 -5,Temporal_Sup_L
27,5,118 167 184,-9 16 60,Frontal_Sup_L
27,23,103 150 189,-24 -1 64,Frontal_Sup_L
27,25,90 168 183,-37 18 59,Frontal_Mid_L
27,26,108 183 181,-19 32 59,Frontal_Sup_L
27,55,118 165 173,-9 14 50,Frontal_Sup_L
28,24,89 155 145,-38 6 23,Frontal_Inf_Oper_L
28,25,88 161 149,-39 12 27,Frontal_Inf_Oper_L
28,27,92 171 143,-35 22 22,Frontal_Inf_Tri_L
28,56,77 165 147,-50 16 25,Frontal_Inf_Tri_L
29,25,89 176 157,-38 26 35,Frontal_Mid_L
29,26,115 183 153,-11 33 33,Frontal_Sup_L
29,27,89 186 140,-38 37 20,Frontal_Mid_L
29,57,105 185 147,-22 36 27,Frontal_Mid_L
30,27,97 190 127,-31 42 8,Frontal_Inf_Tri_L
30,58,87 193 118,-40 45 -1,Frontal_Mid_Orb_L
31,2,120 197 138,-7 47 19,Frontal_Sup_Medial_L
31,26,108 205 153,-19 55 34,Frontal_Mid_L
31,27,99 192 131,-29 44 12,Frontal_Inf_Tri_L
31,28,114 200 122,-13 51 4,Cingulum_Ant_L
31,59,117 197 134,-10 48 15,Frontal_Sup_Medial_L
32,27,87 198 122,-41 50 4,Frontal_Inf_Tri_L
32,28,106 200 119,-21 52 1,Frontal_Sup_L
32,60,101 198 119,-26 49 1,Frontal_Sup_L