"channel_id","channel_type","source_optode","source_landmark","detector_optode","detector_landmark","fOLD_reference","fOLD_channel_number","fOLD_source_landmark","fOLD_detector_landmark","match_status","fOLD_distance_mm","fOLD_brain_sensitivity_percent","fOLD_mni_x_mm","fOLD_mni_y_mm","fOLD_mni_z_mm","Brodmann_primary_area","Brodmann_primary_specificity_percent","Brodmann_all_areas"
"Ch-001","long","S1","Fpz","D1","Fp2","10-10","3","Fpz","Fp2","Exact unordered 10-10 landmark pair","31","4,89","13","67","0","10 - Frontopolar area","54,46","10 - Frontopolar area (54,46%); 11 - Orbitofrontal area (44,85%)"
"Ch-002","long","S1","Fpz","D2","AFz","10-10","2","Fpz","AFz","Exact unordered 10-10 landmark pair","40","9,47","1","64","14","10 - Frontopolar area","87,48","10 - Frontopolar area (87,48%); 9 - Dorsolateral prefrontal cortex (5,08%); 11 - Orbitofrontal area (4,63%); 32 - Dorsal anterior cingulate cortex (2,51%)"
"Ch-003","long","S1","Fpz","D28","Fp1","10-10","1","Fpz","Fp1","Exact unordered 10-10 landmark pair","30","4,29","-12","67","0","10 - Frontopolar area","54,5","10 - Frontopolar area (54,50%); 11 - Orbitofrontal area (44,90%)"
"Ch-004","short","S1","Fpz","D29","Fpz","","","","","No direct fOLD match: co-located short-separation detector",,,,,,"",,""
"Ch-005","long","S2","AF4","D1","Fp2","10-10","78","AF4","Fp2","Exact unordered 10-10 landmark pair","28","7,19","25","63","9","10 - Frontopolar area","68,78","10 - Frontopolar area (68,78%); 11 - Orbitofrontal area (21,57%); 46 - Dorsolateral prefrontal cortex (6,61%); Brain_Outside (1,81%)"
"Ch-006","long","S2","AF4","D2","AFz","10-10","77","AF4","AFz","Exact unordered 10-10 landmark pair","36","9,12","13","61","24","10 - Frontopolar area","72,47","10 - Frontopolar area (72,47%); 9 - Dorsolateral prefrontal cortex (16,97%); 46 - Dorsolateral prefrontal cortex (7,98%); 32 - Dorsal anterior cingulate cortex (1,49%)"
"Ch-007","long","S2","AF4","D3","F2","10-10","79","AF4","F2","Exact unordered 10-10 landmark pair","44","9,85","22","52","33","9 - Dorsolateral prefrontal cortex","51,52","9 - Dorsolateral prefrontal cortex (51,52%); 46 - Dorsolateral prefrontal cortex (26,42%); 10 - Frontopolar area (18,41%); 8 - Includes Frontal eye fields (1,92%)"
"Ch-008","long","S2","AF4","D4","F6","10-10","80","AF4","F6","Exact unordered 10-10 landmark pair","45","13,33","40","50","16","46 - Dorsolateral prefrontal cortex","47,36","46 - Dorsolateral prefrontal cortex (47,36%); 45 - pars triangularis Broca's area (30,60%); 10 - Frontopolar area (18,97%)"
"Ch-009","short","S2","AF4","D30","AF4","","","","","No direct fOLD match: co-located short-separation detector",,,,,,"",,""
"Ch-010","long","S3","AF8","D1","Fp2","10-10","81","AF8","Fp2","Exact unordered 10-10 landmark pair","30","5,4","34","59","-2","10 - Frontopolar area","31,08","10 - Frontopolar area (31,08%); 11 - Orbitofrontal area (30,47%); 46 - Dorsolateral prefrontal cortex (20,40%); 47 - Inferior prefrontal gyrus (12,45%); Brain_Outside (5,11%)"
"Ch-011","long","S3","AF8","D4","F6","10-10","82","AF8","F6","Exact unordered 10-10 landmark pair","33","8","48","46","5","45 - pars triangularis Broca's area","43,88","45 - pars triangularis Broca's area (43,88%); 46 - Dorsolateral prefrontal cortex (43,18%); 47 - Inferior prefrontal gyrus (5,07%); Brain_Outside (4,08%); 10 - Frontopolar area (3,43%)"
"Ch-012","short","S3","AF8","D31","AF8","","","","","No direct fOLD match: co-located short-separation detector",,,,,,"",,""
"Ch-013","long","S4","Fz","D2","AFz","10-10","10","Fz","AFz","Exact unordered 10-10 landmark pair","40","9,27","2","50","39","9 - Dorsolateral prefrontal cortex","61,77","9 - Dorsolateral prefrontal cortex (61,77%); 10 - Frontopolar area (20,26%); 8 - Includes Frontal eye fields (12,15%); 32 - Dorsal anterior cingulate cortex (5,08%)"
"Ch-014","long","S4","Fz","D3","F2","10-10","13","Fz","F2","Exact unordered 10-10 landmark pair","29","4,31","10","41","50","9 - Dorsolateral prefrontal cortex","68,93","9 - Dorsolateral prefrontal cortex (68,93%); 8 - Includes Frontal eye fields (28,89%); 32 - Dorsal anterior cingulate cortex (1,22%)"
"Ch-015","long","S4","Fz","D5","FCz","10-10","12","Fz","FCz","Exact unordered 10-10 landmark pair","40","7,54","1","27","58","8 - Includes Frontal eye fields","60,02","8 - Includes Frontal eye fields (60,02%); 6 - Pre-Motor and Supplementary Motor Cortex (24,18%); 9 - Dorsolateral prefrontal cortex (12,94%); 32 - Dorsal anterior cingulate cortex (2,13%)"
"Ch-016","long","S4","Fz","D26","F1","10-10","11","Fz","F1","Exact unordered 10-10 landmark pair","29","3,3","-9","41","50","9 - Dorsolateral prefrontal cortex","63,16","9 - Dorsolateral prefrontal cortex (63,16%); 8 - Includes Frontal eye fields (34,73%); 32 - Dorsal anterior cingulate cortex (1,17%)"
"Ch-017","short","S4","Fz","D32","Fz","","","","","No direct fOLD match: co-located short-separation detector",,,,,,"",,""
"Ch-018","long","S5","F4","D3","F2","10-10","83","F4","F2","Exact unordered 10-10 landmark pair","30","3,43","30","40","41","9 - Dorsolateral prefrontal cortex","68,37","9 - Dorsolateral prefrontal cortex (68,37%); 46 - Dorsolateral prefrontal cortex (22,40%); 8 - Includes Frontal eye fields (5,57%); 45 - pars triangularis Broca's area (2,44%)"
"Ch-019","long","S5","F4","D4","F6","10-10","84","F4","F6","Exact unordered 10-10 landmark pair","30","5,87","46","38","24","45 - pars triangularis Broca's area","70,67","45 - pars triangularis Broca's area (70,67%); 46 - Dorsolateral prefrontal cortex (23,45%); 44 - pars opercularis, part of Broca's area (2,43%); 9 - Dorsolateral prefrontal cortex (2,15%)"
"Ch-020","long","S5","F4","D6","FC4","10-10","85","F4","FC4","Exact unordered 10-10 landmark pair","37","7,94","44","25","40","9 - Dorsolateral prefrontal cortex","30,71","9 - Dorsolateral prefrontal cortex (30,71%); 44 - pars opercularis, part of Broca's area (27,47%); 46 - Dorsolateral prefrontal cortex (16,39%); 45 - pars triangularis Broca's area (14,61%); 6 - Pre-Motor and Supplementary Motor Cortex (7,63%); 8 - Includes Frontal eye fields (1,58%); 48 - Retrosubicular area (1,33%)"
"Ch-021","short","S5","F4","D33","F4","","","","","No direct fOLD match: co-located short-separation detector",,,,,,"",,""
"Ch-022","long","S6","F8","D4","F6","10-10","86","F8","F6","Exact unordered 10-10 landmark pair","27","4,33","55","36","5","45 - pars triangularis Broca's area","65,82","45 - pars triangularis Broca's area (65,82%); Brain_Outside (24,81%); 46 - Dorsolateral prefrontal cortex (5,15%); 47 - Inferior prefrontal gyrus (2,01%); 38 - Temporopolar area (1,03%)"
"Ch-023","short","S6","F8","D34","F8","","","","","No direct fOLD match: co-located short-separation detector",,,,,,"",,""
"Ch-024","long","S7","FC2","D3","F2","10-10","90","FC2","F2","Exact unordered 10-10 landmark pair","39","6,31","24","26","55","8 - Includes Frontal eye fields","58,07","8 - Includes Frontal eye fields (58,07%); 9 - Dorsolateral prefrontal cortex (33,14%); 6 - Pre-Motor and Supplementary Motor Cortex (7,12%)"
"Ch-025","long","S7","FC2","D5","FCz","10-10","89","FC2","FCz","Exact unordered 10-10 landmark pair","36","5,19","14","13","66","6 - Pre-Motor and Supplementary Motor Cortex","62,95","6 - Pre-Motor and Supplementary Motor Cortex (62,95%); 8 - Includes Frontal eye fields (35,34%); 9 - Dorsolateral prefrontal cortex (1,34%)"
"Ch-026","long","S7","FC2","D6","FC4","10-10","91","FC2","FC4","Exact unordered 10-10 landmark pair","36","7,36","39","12","54","6 - Pre-Motor and Supplementary Motor Cortex","38,21","6 - Pre-Motor and Supplementary Motor Cortex (38,21%); 9 - Dorsolateral prefrontal cortex (35,79%); 8 - Includes Frontal eye fields (21,49%); 44 - pars opercularis, part of Broca's area (3,29%)"
"Ch-027","long","S7","FC2","D7","C2","10-10","92","FC2","C2","Exact unordered 10-10 landmark pair","40","8,92","27","-4","68","6 - Pre-Motor and Supplementary Motor Cortex","82,46","6 - Pre-Motor and Supplementary Motor Cortex (82,46%); 8 - Includes Frontal eye fields (11,24%); 4 - Primary Motor Cortex (4,35%); 9 - Dorsolateral prefrontal cortex (1,33%)"
"Ch-028","short","S7","FC2","D35","FC2","","","","","No direct fOLD match: co-located short-separation detector",,,,,,"",,""
"Ch-029","long","S8","FC6","D4","F6","10-10","93","FC6","F6","Exact unordered 10-10 landmark pair","34","6,99","58","24","18","45 - pars triangularis Broca's area","52,59","45 - pars triangularis Broca's area (52,59%); 44 - pars opercularis, part of Broca's area (28,57%); 6 - Pre-Motor and Supplementary Motor Cortex (10,20%); 48 - Retrosubicular area (3,96%); Brain_Outside (3,00%)"
"Ch-030","long","S8","FC6","D6","FC4","10-10","94","FC6","FC4","Exact unordered 10-10 landmark pair","36","9,39","56","12","33","44 - pars opercularis, part of Broca's area","41,45","44 - pars opercularis, part of Broca's area (41,45%); 6 - Pre-Motor and Supplementary Motor Cortex (40,06%); 9 - Dorsolateral prefrontal cortex (8,75%); 43 - Subcentral area (2,66%); 4 - Primary Motor Cortex (2,28%); 45 - pars triangularis Broca's area (2,12%); 48 - Retrosubicular area (1,76%)"
"Ch-031","long","S8","FC6","D8","C6","10-10","96","FC6","C6","Exact unordered 10-10 landmark pair","34","7,29","64","-5","22","43 - Subcentral area","49,07","43 - Subcentral area (49,07%); 6 - Pre-Motor and Supplementary Motor Cortex (17,74%); 48 - Retrosubicular area (12,32%); 22 - Superior Temporal Gyrus (10,74%); 2 - Primary Somatosensory Cortex (3,23%); 44 - pars opercularis, part of Broca's area (2,91%); 4 - Primary Motor Cortex (1,59%)"
"Ch-032","short","S8","FC6","D36","FC6","","","","","No direct fOLD match: co-located short-separation detector",,,,,,"",,""
"Ch-033","long","S9","Cz","D5","FCz","10-10","63","Cz","FCz","Exact unordered 10-10 landmark pair","40","7,77","-1","-4","72","6 - Pre-Motor and Supplementary Motor Cortex","83,77","6 - Pre-Motor and Supplementary Motor Cortex (83,77%); 4 - Primary Motor Cortex (11,38%); 8 - Includes Frontal eye fields (3,23%)"
"Ch-034","long","S9","Cz","D7","C2","10-10","65","Cz","C2","Exact unordered 10-10 landmark pair","39","8,01","17","-21","75","6 - Pre-Motor and Supplementary Motor Cortex","55,39","6 - Pre-Motor and Supplementary Motor Cortex (55,39%); 4 - Primary Motor Cortex (39,92%); 3 - Primary Somatosensory Cortex (3,09%)"
"Ch-035","long","S9","Cz","D9","CPz","10-10","64","Cz","Cpz","Exact unordered 10-10 landmark pair","39","6,53","1","-35","75","4 - Primary Motor Cortex","47,13","4 - Primary Motor Cortex (47,13%); 5 - Somatosensory Association Cortex (29,14%); 6 - Pre-Motor and Supplementary Motor Cortex (10,54%); 3 - Primary Somatosensory Cortex (5,31%); Brain_Outside (3,37%); 1 - Primary Somatosensory Cortex (2,41%); 7 - Somatosensory Association Cortex (1,79%)"
"Ch-036","long","S9","Cz","D23","C1","10-10","62","Cz","C1","Exact unordered 10-10 landmark pair","39","7,94","-17","-20","74","6 - Pre-Motor and Supplementary Motor Cortex","56,45","6 - Pre-Motor and Supplementary Motor Cortex (56,45%); 4 - Primary Motor Cortex (39,76%); 3 - Primary Somatosensory Cortex (1,90%)"
"Ch-037","short","S9","Cz","D37","Cz","","","","","No direct fOLD match: co-located short-separation detector",,,,,,"",,""
"Ch-038","long","S10","C4","D6","FC4","10-10","99","C4","FC4","Exact unordered 10-10 landmark pair","38","8,36","52","-4","48","6 - Pre-Motor and Supplementary Motor Cortex","56,87","6 - Pre-Motor and Supplementary Motor Cortex (56,87%); 4 - Primary Motor Cortex (19,48%); 3 - Primary Somatosensory Cortex (11,41%); 9 - Dorsolateral prefrontal cortex (6,12%); 44 - pars opercularis, part of Broca's area (2,64%); 1 - Primary Somatosensory Cortex (1,21%)"
"Ch-039","long","S10","C4","D7","C2","10-10","100","C4","C2","Exact unordered 10-10 landmark pair","40","7,94","42","-21","62","4 - Primary Motor Cortex","36,77","4 - Primary Motor Cortex (36,77%); 6 - Pre-Motor and Supplementary Motor Cortex (29,48%); 3 - Primary Somatosensory Cortex (25,60%); 2 - Primary Somatosensory Cortex (3,31%); 1 - Primary Somatosensory Cortex (2,86%); 40 - Supramarginal gyrus part of Wernicke's area (1,40%)"
"Ch-040","long","S10","C4","D8","C6","10-10","101","C4","C6","Exact unordered 10-10 landmark pair","40","9,16","62","-20","37","2 - Primary Somatosensory Cortex","27,65","2 - Primary Somatosensory Cortex (27,65%); 3 - Primary Somatosensory Cortex (19,92%); 43 - Subcentral area (16,21%); 1 - Primary Somatosensory Cortex (12,30%); 48 - Retrosubicular area (7,94%); 4 - Primary Motor Cortex (6,47%); 40 - Supramarginal gyrus part of Wernicke's area (5,22%); 6 - Pre-Motor and Supplementary Motor Cortex (2,14%); 22 - Superior Temporal Gyrus (1,74%)"
"Ch-041","long","S10","C4","D10","CP4","10-10","102","C4","CP4","Exact unordered 10-10 landmark pair","36","6,62","53","-35","52","40 - Supramarginal gyrus part of Wernicke's area","50,04","40 - Supramarginal gyrus part of Wernicke's area (50,04%); 2 - Primary Somatosensory Cortex (18,86%); 3 - Primary Somatosensory Cortex (17,66%); 1 - Primary Somatosensory Cortex (8,36%); 4 - Primary Motor Cortex (3,05%)"
"Ch-042","short","S10","C4","D38","C4","","","","","No direct fOLD match: co-located short-separation detector",,,,,,"",,""
"Ch-043","long","S11","T8","D8","C6","10-10","104","T8","C6","Exact unordered 10-10 landmark pair","41","11,1","67","-19","4","22 - Superior Temporal Gyrus","47,33","22 - Superior Temporal Gyrus (47,33%); 21 - Middle Temporal gyrus (38,02%); 48 - Retrosubicular area (6,52%); 43 - Subcentral area (2,80%); 2 - Primary Somatosensory Cortex (2,10%); 42 - Primary and Auditory Association Cortex (1,39%); 20 - Inferior Temporal gyrus (1,28%)"
"Ch-044","long","S11","T8","D11","TP8","10-10","105","T8","TP8","Exact unordered 10-10 landmark pair","29","5,99","68","-31","-12","21 - Middle Temporal gyrus","54,96","21 - Middle Temporal gyrus (54,96%); 20 - Inferior Temporal gyrus (41,52%); 22 - Superior Temporal Gyrus (2,24%); 37 - Fusiform gyrus (1,20%)"
"Ch-045","short","S11","T8","D39","T8","","","","","No direct fOLD match: co-located short-separation detector",,,,,,"",,""
"Ch-046","long","S12","CP2","D7","C2","10-10","107","CP2","C2","Exact unordered 10-10 landmark pair","38","7,49","28","-36","71","4 - Primary Motor Cortex","24,07","4 - Primary Motor Cortex (24,07%); 3 - Primary Somatosensory Cortex (24,04%); 6 - Pre-Motor and Supplementary Motor Cortex (18,02%); 7 - Somatosensory Association Cortex (11,62%); 1 - Primary Somatosensory Cortex (7,95%); 2 - Primary Somatosensory Cortex (6,91%); 5 - Somatosensory Association Cortex (5,23%); 40 - Supramarginal gyrus part of Wernicke's area (1,72%)"
"Ch-047","long","S12","CP2","D9","CPz","10-10","106","CP2","Cpz","Exact unordered 10-10 landmark pair","39","6,16","17","-50","73","5 - Somatosensory Association Cortex","47,39","5 - Somatosensory Association Cortex (47,39%); 7 - Somatosensory Association Cortex (30,46%); 3 - Primary Somatosensory Cortex (7,00%); 1 - Primary Somatosensory Cortex (6,80%); 4 - Primary Motor Cortex (3,96%); 2 - Primary Somatosensory Cortex (2,75%)"
"Ch-048","long","S12","CP2","D10","CP4","10-10","108","CP2","CP4","Exact unordered 10-10 landmark pair","38","7,48","39","-49","60","40 - Supramarginal gyrus part of Wernicke's area","45,11","40 - Supramarginal gyrus part of Wernicke's area (45,11%); 7 - Somatosensory Association Cortex (25,25%); 2 - Primary Somatosensory Cortex (13,53%); 3 - Primary Somatosensory Cortex (5,76%); 39 - Angular gyrus, part of Wernicke's area (3,41%); 1 - Primary Somatosensory Cortex (3,13%); 5 - Somatosensory Association Cortex (2,05%)"
"Ch-049","long","S12","CP2","D12","P2","10-10","109","CP2","P2","Exact unordered 10-10 landmark pair","39","7,2","25","-62","63","7 - Somatosensory Association Cortex","86,02","7 - Somatosensory Association Cortex (86,02%); 5 - Somatosensory Association Cortex (6,62%); 40 - Supramarginal gyrus part of Wernicke's area (2,79%); 2 - Primary Somatosensory Cortex (1,32%)"
"Ch-050","short","S12","CP2","D40","CP2","","","","","No direct fOLD match: co-located short-separation detector",,,,,,"",,""
"Ch-051","long","S13","CP6","D8","C6","10-10","110","CP6","C6","Exact unordered 10-10 landmark pair","33","6,28","65","-33","23","22 - Superior Temporal Gyrus","31,6","22 - Superior Temporal Gyrus (31,60%); 48 - Retrosubicular area (26,83%); 2 - Primary Somatosensory Cortex (18,95%); 40 - Supramarginal gyrus part of Wernicke's area (11,48%); 42 - Primary and Auditory Association Cortex (7,78%); 43 - Subcentral area (1,48%); 21 - Middle Temporal gyrus (1,06%)"
"Ch-052","long","S13","CP6","D10","CP4","10-10","111","CP6","CP4","Exact unordered 10-10 landmark pair","38","8,19","58","-48","38","40 - Supramarginal gyrus part of Wernicke's area","68,98","40 - Supramarginal gyrus part of Wernicke's area (68,98%); 39 - Angular gyrus, part of Wernicke's area (12,80%); 48 - Retrosubicular area (7,47%); 22 - Superior Temporal Gyrus (6,94%); 42 - Primary and Auditory Association Cortex (1,48%); 2 - Primary Somatosensory Cortex (1,29%)"
"Ch-053","long","S13","CP6","D11","TP8","10-10","112","CP6","TP8","Exact unordered 10-10 landmark pair","39","9,58","65","-44","6","22 - Superior Temporal Gyrus","40,43","22 - Superior Temporal Gyrus (40,43%); 21 - Middle Temporal gyrus (35,40%); 37 - Fusiform gyrus (9,77%); 20 - Inferior Temporal gyrus (8,32%); 42 - Primary and Auditory Association Cortex (2,85%); 48 - Retrosubicular area (2,02%)"
"Ch-054","long","S13","CP6","D13","P6","10-10","113","CP6","P6","Exact unordered 10-10 landmark pair","32","5,86","58","-58","22","39 - Angular gyrus, part of Wernicke's area","34,98","39 - Angular gyrus, part of Wernicke's area (34,98%); 22 - Superior Temporal Gyrus (26,33%); 37 - Fusiform gyrus (16,36%); 21 - Middle Temporal gyrus (11,11%); 40 - Supramarginal gyrus part of Wernicke's area (5,66%); 42 - Primary and Auditory Association Cortex (2,16%); 48 - Retrosubicular area (2,13%)"
"Ch-055","short","S13","CP6","D41","CP6","","","","","No direct fOLD match: co-located short-separation detector",,,,,,"",,""
"Ch-056","long","S14","Pz","D9","CPz","10-10","67","Pz","Cpz","Exact unordered 10-10 landmark pair","39","5,03","2","-61","66","7 - Somatosensory Association Cortex","58,83","7 - Somatosensory Association Cortex (58,83%); 5 - Somatosensory Association Cortex (37,60%); Brain_Outside (1,26%); 4 - Primary Motor Cortex (1,09%)"
"Ch-057","long","S14","Pz","D12","P2","10-10","68","Pz","P2","Exact unordered 10-10 landmark pair","30","3,17","15","-73","57","7 - Somatosensory Association Cortex","93,86","7 - Somatosensory Association Cortex (93,86%); 19 - V3 (4,39%); 5 - Somatosensory Association Cortex (1,47%)"
"Ch-058","long","S14","Pz","D19","P1","10-10","66","Pz","P1","Exact unordered 10-10 landmark pair","30","3,37","-13","-73","56","7 - Somatosensory Association Cortex","91,59","7 - Somatosensory Association Cortex (91,59%); 19 - V3 (5,26%); 5 - Somatosensory Association Cortex (2,03%)"
"Ch-059","short","S14","Pz","D42","Pz","","","","","No direct fOLD match: co-located short-separation detector",,,,,,"",,""
"Ch-060","long","S15","P4","D10","CP4","10-10","116","P4","CP4","Exact unordered 10-10 landmark pair","35","6,86","46","-62","47","39 - Angular gyrus, part of Wernicke's area","57,87","39 - Angular gyrus, part of Wernicke's area (57,87%); 40 - Supramarginal gyrus part of Wernicke's area (25,01%); 7 - Somatosensory Association Cortex (12,51%); 19 - V3 (3,89%)"
"Ch-061","long","S15","P4","D12","P2","10-10","117","P4","P2","Exact unordered 10-10 landmark pair","30","5,24","33","-74","48","7 - Somatosensory Association Cortex","70,31","7 - Somatosensory Association Cortex (70,31%); 19 - V3 (18,79%); 39 - Angular gyrus, part of Wernicke's area (10,37%)"
"Ch-062","long","S15","P4","D13","P6","10-10","118","P4","P6","Exact unordered 10-10 landmark pair","30","4,77","47","-72","30","39 - Angular gyrus, part of Wernicke's area","79,99","39 - Angular gyrus, part of Wernicke's area (79,99%); 19 - V3 (15,11%); 7 - Somatosensory Association Cortex (1,97%); 37 - Fusiform gyrus (1,47%)"
"Ch-063","long","S15","P4","D14","PO4","10-10","119","P4","PO4","Exact unordered 10-10 landmark pair","37","10,01","34","-83","30","19 - V3","65,08","19 - V3 (65,08%); 18 - Visual Association Cortex (V2) (15,16%); 39 - Angular gyrus, part of Wernicke's area (13,34%); 7 - Somatosensory Association Cortex (4,83%)"
"Ch-064","short","S15","P4","D43","P4","","","","","No direct fOLD match: co-located short-separation detector",,,,,,"",,""
"Ch-065","long","S16","P8","D11","TP8","10-10","120","P8","TP8","Exact unordered 10-10 landmark pair","29","4,93","62","-52","-8","37 - Fusiform gyrus","68,11","37 - Fusiform gyrus (68,11%); 20 - Inferior Temporal gyrus (18,12%); 21 - Middle Temporal gyrus (12,15%)"
"Ch-066","long","S16","P8","D13","P6","10-10","121","P8","P6","Exact unordered 10-10 landmark pair","31","4,51","54","-67","6","37 - Fusiform gyrus","68,82","37 - Fusiform gyrus (68,82%); 19 - V3 (15,12%); 39 - Angular gyrus, part of Wernicke's area (13,23%); 21 - Middle Temporal gyrus (1,50%)"
"Ch-067","short","S16","P8","D44","P8","","","","","No direct fOLD match: co-located short-separation detector",,,,,,"",,""
"Ch-068","long","S17","POz","D12","P2","10-10","72","POz","P2","Exact unordered 10-10 landmark pair","46","11,4","12","-81","43","7 - Somatosensory Association Cortex","44,27","7 - Somatosensory Association Cortex (44,27%); 19 - V3 (42,57%); 18 - Visual Association Cortex (V2) (11,66%); Brain_Outside (1,01%)"
"Ch-069","long","S17","POz","D14","PO4","10-10","73","POz","PO4","Exact unordered 10-10 landmark pair","36","10,07","16","-92","24","18 - Visual Association Cortex (V2)","67,8","18 - Visual Association Cortex (V2) (67,80%); 19 - V3 (15,69%); 17 - Primary Visual Cortex (V1) (13,96%); Brain_Outside (2,11%)"
"Ch-070","long","S17","POz","D15","Oz","10-10","71","POz","Oz","Exact unordered 10-10 landmark pair","40","11,15","-2","-97","12","17 - Primary Visual Cortex (V1)","60,56","17 - Primary Visual Cortex (V1) (60,56%); 18 - Visual Association Cortex (V2) (30,10%); Brain_Outside (6,76%); 19 - V3 (2,50%)"
"Ch-071","long","S17","POz","D18","PO3","10-10","70","POz","PO3","Exact unordered 10-10 landmark pair","36","10,76","-16","-93","25","18 - Visual Association Cortex (V2)","64,83","18 - Visual Association Cortex (V2) (64,83%); 19 - V3 (17,65%); 17 - Primary Visual Cortex (V1) (12,30%); Brain_Outside (4,88%)"
"Ch-072","long","S17","POz","D19","P1","10-10","69","POz","P1","Exact unordered 10-10 landmark pair","45","11,96","-12","-83","42","19 - V3","47,5","19 - V3 (47,50%); 7 - Somatosensory Association Cortex (36,16%); 18 - Visual Association Cortex (V2) (12,87%); Brain_Outside (2,89%)"
"Ch-073","short","S17","POz","D45","POz","","","","","No direct fOLD match: co-located short-separation detector",,,,,,"",,""
"Ch-074","long","S18","O1","D15","Oz","10-10","54","O1","Oz","Exact unordered 10-10 landmark pair","30","10,15","-14","-101","-2","17 - Primary Visual Cortex (V1)","78,86","17 - Primary Visual Cortex (V1) (78,86%); 18 - Visual Association Cortex (V2) (16,25%); Brain_Outside (4,86%)"
"Ch-075","long","S18","O1","D17","I1","10-10","53","O1","I1","Exact unordered 10-10 landmark pair","40","4,77","-24","-95","-13","18 - Visual Association Cortex (V2)","64,48","18 - Visual Association Cortex (V2) (64,48%); Brain_Outside (15,99%); 17 - Primary Visual Cortex (V1) (14,85%); 19 - V3 (4,68%)"
"Ch-076","long","S18","O1","D18","PO3","10-10","51","O1","PO3","Exact unordered 10-10 landmark pair","30","8,72","-26","-96","8","18 - Visual Association Cortex (V2)","48,62","18 - Visual Association Cortex (V2) (48,62%); 17 - Primary Visual Cortex (V1) (40,66%); Brain_Outside (5,85%); 19 - V3 (4,83%)"
"Ch-077","short","S18","O1","D46","O1","","","","","No direct fOLD match: co-located short-separation detector",,,,,,"",,""
"Ch-078","long","S19","O2","D14","PO4","10-10","126","O2","PO4","Exact unordered 10-10 landmark pair","28","9,15","26","-97","8","17 - Primary Visual Cortex (V1)","48,05","17 - Primary Visual Cortex (V1) (48,05%); 18 - Visual Association Cortex (V2) (45,92%); 19 - V3 (3,21%); Brain_Outside (2,79%)"
"Ch-079","long","S19","O2","D15","Oz","10-10","125","O2","Oz","Exact unordered 10-10 landmark pair","30","6,08","15","-99","-1","17 - Primary Visual Cortex (V1)","67,6","17 - Primary Visual Cortex (V1) (67,60%); 18 - Visual Association Cortex (V2) (26,74%); Brain_Outside (5,61%)"
"Ch-080","long","S19","O2","D16","I2","10-10","124","O2","I2","Exact unordered 10-10 landmark pair","41","5,32","25","-94","-14","18 - Visual Association Cortex (V2)","63,43","18 - Visual Association Cortex (V2) (63,43%); Brain_Outside (17,51%); 17 - Primary Visual Cortex (V1) (13,75%); 19 - V3 (5,31%)"
"Ch-081","short","S19","O2","D47","O2","","","","","No direct fOLD match: co-located short-separation detector",,,,,,"",,""
"Ch-082","long","S20","Iz","D15","Oz","10-10","76","Iz","Oz","Exact unordered 10-10 landmark pair","40","2,83","-2","-96","-11","17 - Primary Visual Cortex (V1)","48,68","17 - Primary Visual Cortex (V1) (48,68%); 18 - Visual Association Cortex (V2) (32,93%); Brain_Outside (18,38%)"
"Ch-083","long","S20","Iz","D16","I2","10-10","74","Iz","I2","Exact unordered 10-10 landmark pair","34","0,33","17","-88","-33","Brain_Outside","87,93","Brain_Outside (87,93%); 18 - Visual Association Cortex (V2) (10,83%)"
"Ch-084","long","S20","Iz","D17","I1","10-10","75","Iz","I1","Exact unordered 10-10 landmark pair","34","0,24","-17","-88","-31","Brain_Outside","85,49","Brain_Outside (85,49%); 18 - Visual Association Cortex (V2) (13,81%)"
"Ch-085","short","S20","Iz","D48","Iz","","","","","No direct fOLD match: co-located short-separation detector",,,,,,"",,""
"Ch-086","long","S21","P3","D18","PO3","10-10","46","P3","PO3","Exact unordered 10-10 landmark pair","35","8,41","-34","-83","30","19 - V3","69,05","19 - V3 (69,05%); 39 - Angular gyrus, part of Wernicke's area (13,19%); 18 - Visual Association Cortex (V2) (11,96%); 7 - Somatosensory Association Cortex (4,88%)"
"Ch-087","long","S21","P3","D19","P1","10-10","44","P3","P1","Exact unordered 10-10 landmark pair","30","5,16","-32","-73","47","7 - Somatosensory Association Cortex","69,67","7 - Somatosensory Association Cortex (69,67%); 19 - V3 (19,44%); 39 - Angular gyrus, part of Wernicke's area (9,94%)"
"Ch-088","long","S21","P3","D20","P5","10-10","45","P3","P5","Exact unordered 10-10 landmark pair","30","4,73","-46","-72","30","39 - Angular gyrus, part of Wernicke's area","77,97","39 - Angular gyrus, part of Wernicke's area (77,97%); 19 - V3 (17,15%); 7 - Somatosensory Association Cortex (2,03%); 37 - Fusiform gyrus (1,64%)"
"Ch-089","long","S21","P3","D21","CP3","10-10","43","P3","CP3","Exact unordered 10-10 landmark pair","36","7,33","-46","-61","46","39 - Angular gyrus, part of Wernicke's area","53,3","39 - Angular gyrus, part of Wernicke's area (53,30%); 40 - Supramarginal gyrus part of Wernicke's area (29,77%); 7 - Somatosensory Association Cortex (12,29%); 19 - V3 (3,89%)"
"Ch-090","short","S21","P3","D49","P3","","","","","No direct fOLD match: co-located short-separation detector",,,,,,"",,""
"Ch-091","long","S22","P7","D20","P5","10-10","48","P7","P5","Exact unordered 10-10 landmark pair","30","4,1","-54","-67","6","37 - Fusiform gyrus","68,55","37 - Fusiform gyrus (68,55%); 19 - V3 (18,69%); 39 - Angular gyrus, part of Wernicke's area (9,89%); 21 - Middle Temporal gyrus (1,83%)"
"Ch-092","long","S22","P7","D22","TP7","10-10","47","P7","TP7","Exact unordered 10-10 landmark pair","30","6,42","-64","-52","-9","37 - Fusiform gyrus","71,2","37 - Fusiform gyrus (71,20%); 20 - Inferior Temporal gyrus (18,69%); 21 - Middle Temporal gyrus (8,54%)"
"Ch-093","short","S22","P7","D50","P7","","","","","No direct fOLD match: co-located short-separation detector",,,,,,"",,""
"Ch-094","long","S23","CP1","D9","CPz","10-10","38","CP1","Cpz","Exact unordered 10-10 landmark pair","38","6,13","-16","-50","72","5 - Somatosensory Association Cortex","52,42","5 - Somatosensory Association Cortex (52,42%); 7 - Somatosensory Association Cortex (24,93%); 1 - Primary Somatosensory Cortex (8,79%); 2 - Primary Somatosensory Cortex (4,28%); 3 - Primary Somatosensory Cortex (4,07%); 4 - Primary Motor Cortex (3,62%); Brain_Outside (1,36%)"
"Ch-095","long","S23","CP1","D19","P1","10-10","37","CP1","P1","Exact unordered 10-10 landmark pair","39","8,39","-24","-62","62","7 - Somatosensory Association Cortex","82,72","7 - Somatosensory Association Cortex (82,72%); 5 - Somatosensory Association Cortex (9,60%); 40 - Supramarginal gyrus part of Wernicke's area (1,98%); 2 - Primary Somatosensory Cortex (1,85%); 1 - Primary Somatosensory Cortex (1,15%)"
"Ch-096","long","S23","CP1","D21","CP3","10-10","36","CP1","CP3","Exact unordered 10-10 landmark pair","38","8,28","-39","-48","60","40 - Supramarginal gyrus part of Wernicke's area","41,82","40 - Supramarginal gyrus part of Wernicke's area (41,82%); 7 - Somatosensory Association Cortex (27,06%); 2 - Primary Somatosensory Cortex (16,43%); 3 - Primary Somatosensory Cortex (5,57%); 1 - Primary Somatosensory Cortex (2,72%); 5 - Somatosensory Association Cortex (2,43%); 39 - Angular gyrus, part of Wernicke's area (2,21%); 4 - Primary Motor Cortex (1,14%)"
"Ch-097","long","S23","CP1","D23","C1","10-10","35","CP1","C1","Exact unordered 10-10 landmark pair","39","7,85","-27","-36","71","4 - Primary Motor Cortex","31,56","4 - Primary Motor Cortex (31,56%); 3 - Primary Somatosensory Cortex (19,10%); 6 - Pre-Motor and Supplementary Motor Cortex (14,37%); 7 - Somatosensory Association Cortex (12,31%); 1 - Primary Somatosensory Cortex (8,91%); 2 - Primary Somatosensory Cortex (6,85%); 5 - Somatosensory Association Cortex (5,28%); 40 - Supramarginal gyrus part of Wernicke's area (1,13%)"
"Ch-098","short","S23","CP1","D51","CP1","","","","","No direct fOLD match: co-located short-separation detector",,,,,,"",,""
"Ch-099","long","S24","CP5","D20","P5","10-10","42","CP5","P5","Exact unordered 10-10 landmark pair","32","5,83","-57","-57","21","39 - Angular gyrus, part of Wernicke's area","32,67","39 - Angular gyrus, part of Wernicke's area (32,67%); 22 - Superior Temporal Gyrus (24,11%); 37 - Fusiform gyrus (17,15%); 21 - Middle Temporal gyrus (13,20%); 40 - Supramarginal gyrus part of Wernicke's area (5,48%); 42 - Primary and Auditory Association Cortex (2,78%); 48 - Retrosubicular area (2,46%); Brain_Outside (1,09%); 19 - V3 (1,02%)"
"Ch-100","long","S24","CP5","D21","CP3","10-10","40","CP5","CP3","Exact unordered 10-10 landmark pair","38","8,92","-57","-48","38","40 - Supramarginal gyrus part of Wernicke's area","65,46","40 - Supramarginal gyrus part of Wernicke's area (65,46%); 39 - Angular gyrus, part of Wernicke's area (14,35%); 48 - Retrosubicular area (9,28%); 22 - Superior Temporal Gyrus (5,91%); 42 - Primary and Auditory Association Cortex (2,33%); 2 - Primary Somatosensory Cortex (1,58%)"
"Ch-101","long","S24","CP5","D22","TP7","10-10","41","CP5","TP7","Exact unordered 10-10 landmark pair","38","11,09","-65","-44","5","22 - Superior Temporal Gyrus","35,29","22 - Superior Temporal Gyrus (35,29%); 21 - Middle Temporal gyrus (34,85%); 37 - Fusiform gyrus (11,86%); 20 - Inferior Temporal gyrus (10,16%); 42 - Primary and Auditory Association Cortex (4,20%); 48 - Retrosubicular area (2,13%)"
"Ch-102","long","S24","CP5","D24","C5","10-10","39","CP5","C5","Exact unordered 10-10 landmark pair","33","8,12","-63","-32","23","48 - Retrosubicular area","36,01","48 - Retrosubicular area (36,01%); 22 - Superior Temporal Gyrus (22,25%); 42 - Primary and Auditory Association Cortex (14,79%); 2 - Primary Somatosensory Cortex (13,97%); 40 - Supramarginal gyrus part of Wernicke's area (8,27%); 43 - Subcentral area (2,31%); 21 - Middle Temporal gyrus (1,44%)"
"Ch-103","short","S24","CP5","D52","CP5","","","","","No direct fOLD match: co-located short-separation detector",,,,,,"",,""
"Ch-104","long","S25","C3","D21","CP3","10-10","31","C3","CP3","Exact unordered 10-10 landmark pair","37","7,61","-52","-34","52","40 - Supramarginal gyrus part of Wernicke's area","43,32","40 - Supramarginal gyrus part of Wernicke's area (43,32%); 2 - Primary Somatosensory Cortex (22,52%); 3 - Primary Somatosensory Cortex (21,18%); 1 - Primary Somatosensory Cortex (6,96%); 4 - Primary Motor Cortex (4,22%)"
"Ch-105","long","S25","C3","D23","C1","10-10","29","C3","C1","Exact unordered 10-10 landmark pair","40","8,65","-42","-20","62","4 - Primary Motor Cortex","34,98","4 - Primary Motor Cortex (34,98%); 6 - Pre-Motor and Supplementary Motor Cortex (34,57%); 3 - Primary Somatosensory Cortex (24,55%); 2 - Primary Somatosensory Cortex (2,57%); 1 - Primary Somatosensory Cortex (1,97%)"
"Ch-106","long","S25","C3","D24","C5","10-10","30","C3","C5","Exact unordered 10-10 landmark pair","40","11,12","-60","-18","37","3 - Primary Somatosensory Cortex","23,83","3 - Primary Somatosensory Cortex (23,83%); 43 - Subcentral area (21,28%); 2 - Primary Somatosensory Cortex (17,78%); 48 - Retrosubicular area (12,95%); 4 - Primary Motor Cortex (10,46%); 1 - Primary Somatosensory Cortex (6,86%); 40 - Supramarginal gyrus part of Wernicke's area (2,79%); 6 - Pre-Motor and Supplementary Motor Cortex (2,72%)"
"Ch-107","long","S25","C3","D25","FC3","10-10","28","C3","FC3","Exact unordered 10-10 landmark pair","37","9,38","-50","-3","50","6 - Pre-Motor and Supplementary Motor Cortex","61,71","6 - Pre-Motor and Supplementary Motor Cortex (61,71%); 4 - Primary Motor Cortex (17,58%); 3 - Primary Somatosensory Cortex (9,24%); 9 - Dorsolateral prefrontal cortex (6,95%); 44 - pars opercularis, part of Broca's area (2,18%)"
"Ch-108","short","S25","C3","D53","C3","","","","","No direct fOLD match: co-located short-separation detector",,,,,,"",,""
"Ch-109","long","S26","T7","D22","TP7","10-10","34","T7","TP7","Exact unordered 10-10 landmark pair","30","7,13","-68","-32","-12","21 - Middle Temporal gyrus","49,28","21 - Middle Temporal gyrus (49,28%); 20 - Inferior Temporal gyrus (47,32%); 22 - Superior Temporal Gyrus (1,79%); 37 - Fusiform gyrus (1,47%)"
"Ch-110","long","S26","T7","D24","C5","10-10","33","T7","C5","Exact unordered 10-10 landmark pair","40","11,64","-65","-18","4","22 - Superior Temporal Gyrus","42,2","22 - Superior Temporal Gyrus (42,20%); 21 - Middle Temporal gyrus (37,02%); 48 - Retrosubicular area (11,73%); 43 - Subcentral area (3,88%); 42 - Primary and Auditory Association Cortex (2,23%); 20 - Inferior Temporal gyrus (1,51%)"
"Ch-111","short","S26","T7","D54","T7","","","","","No direct fOLD match: co-located short-separation detector",,,,,,"",,""
"Ch-112","long","S27","FC1","D5","FCz","10-10","23","FC1","FCz","Exact unordered 10-10 landmark pair","36","5,14","-13","12","67","6 - Pre-Motor and Supplementary Motor Cortex","73,21","6 - Pre-Motor and Supplementary Motor Cortex (73,21%); 8 - Includes Frontal eye fields (25,88%)"
"Ch-113","long","S27","FC1","D23","C1","10-10","22","FC1","C1","Exact unordered 10-10 landmark pair","39","7,33","-26","-5","68","6 - Pre-Motor and Supplementary Motor Cortex","81,78","6 - Pre-Motor and Supplementary Motor Cortex (81,78%); 8 - Includes Frontal eye fields (10,37%); 4 - Primary Motor Cortex (6,00%)"
"Ch-114","long","S27","FC1","D25","FC3","10-10","21","FC1","FC3","Exact unordered 10-10 landmark pair","36","7,59","-38","12","55","6 - Pre-Motor and Supplementary Motor Cortex","37,52","6 - Pre-Motor and Supplementary Motor Cortex (37,52%); 9 - Dorsolateral prefrontal cortex (35,13%); 8 - Includes Frontal eye fields (23,49%); 44 - pars opercularis, part of Broca's area (2,92%)"
"Ch-115","long","S27","FC1","D26","F1","10-10","20","FC1","F1","Exact unordered 10-10 landmark pair","39","5,79","-23","26","56","8 - Includes Frontal eye fields","63,72","8 - Includes Frontal eye fields (63,72%); 9 - Dorsolateral prefrontal cortex (26,04%); 6 - Pre-Motor and Supplementary Motor Cortex (8,30%)"
"Ch-116","short","S27","FC1","D55","FC1","","","","","No direct fOLD match: co-located short-separation detector",,,,,,"",,""
"Ch-117","long","S28","FC5","D24","C5","10-10","27","FC5","C5","Exact unordered 10-10 landmark pair","33","7,62","-62","-3","23","43 - Subcentral area","47,13","43 - Subcentral area (47,13%); 6 - Pre-Motor and Supplementary Motor Cortex (18,97%); 48 - Retrosubicular area (17,34%); 44 - pars opercularis, part of Broca's area (5,72%); 22 - Superior Temporal Gyrus (5,21%); 4 - Primary Motor Cortex (2,22%); 2 - Primary Somatosensory Cortex (1,07%)"
"Ch-118","long","S28","FC5","D25","FC3","10-10","25","FC5","FC3","Exact unordered 10-10 landmark pair","36","11,31","-55","12","34","44 - pars opercularis, part of Broca's area","47,81","44 - pars opercularis, part of Broca's area (47,81%); 6 - Pre-Motor and Supplementary Motor Cortex (35,96%); 9 - Dorsolateral prefrontal cortex (8,63%); 48 - Retrosubicular area (2,15%); 45 - pars triangularis Broca's area (1,83%); 43 - Subcentral area (1,47%); 4 - Primary Motor Cortex (1,23%)"
"Ch-119","long","S28","FC5","D27","F5","10-10","24","FC5","F5","Exact unordered 10-10 landmark pair","33","7,94","-56","24","20","45 - pars triangularis Broca's area","53,08","45 - pars triangularis Broca's area (53,08%); 44 - pars opercularis, part of Broca's area (33,59%); 6 - Pre-Motor and Supplementary Motor Cortex (6,26%); 48 - Retrosubicular area (5,11%)"
"Ch-120","short","S28","FC5","D56","FC5","","","","","No direct fOLD match: co-located short-separation detector",,,,,,"",,""
"Ch-121","long","S29","F3","D25","FC3","10-10","16","F3","FC3","Exact unordered 10-10 landmark pair","36","9,1","-45","25","41","9 - Dorsolateral prefrontal cortex","36,92","9 - Dorsolateral prefrontal cortex (36,92%); 44 - pars opercularis, part of Broca's area (26,54%); 45 - pars triangularis Broca's area (14,70%); 46 - Dorsolateral prefrontal cortex (12,25%); 6 - Pre-Motor and Supplementary Motor Cortex (6,84%); 8 - Includes Frontal eye fields (1,74%)"
"Ch-122","long","S29","F3","D26","F1","10-10","14","F3","F1","Exact unordered 10-10 landmark pair","29","3,28","-31","39","41","9 - Dorsolateral prefrontal cortex","66,61","9 - Dorsolateral prefrontal cortex (66,61%); 46 - Dorsolateral prefrontal cortex (24,85%); 8 - Includes Frontal eye fields (4,42%); 45 - pars triangularis Broca's area (3,24%)"
"Ch-123","long","S29","F3","D27","F5","10-10","15","F3","F5","Exact unordered 10-10 landmark pair","29","6,77","-46","39","26","45 - pars triangularis Broca's area","72,56","45 - pars triangularis Broca's area (72,56%); 46 - Dorsolateral prefrontal cortex (21,84%); 44 - pars opercularis, part of Broca's area (2,45%); 9 - Dorsolateral prefrontal cortex (1,99%)"
"Ch-124","short","S29","F3","D57","F3","","","","","No direct fOLD match: co-located short-separation detector",,,,,,"",,""
"Ch-125","long","S30","F7","D27","F5","10-10","17","F7","F5","Exact unordered 10-10 landmark pair","28","5,22","-53","37","6","45 - pars triangularis Broca's area","79,84","45 - pars triangularis Broca's area (79,84%); Brain_Outside (8,73%); 46 - Dorsolateral prefrontal cortex (5,76%); 47 - Inferior prefrontal gyrus (3,56%)"
"Ch-126","short","S30","F7","D58","F7","","","","","No direct fOLD match: co-located short-separation detector",,,,,,"",,""
"Ch-127","long","S31","AF3","D2","AFz","10-10","5","AF3","AFz","Exact unordered 10-10 landmark pair","36","10,02","-12","62","23","10 - Frontopolar area","75,76","10 - Frontopolar area (75,76%); 9 - Dorsolateral prefrontal cortex (14,55%); 46 - Dorsolateral prefrontal cortex (8,05%); 32 - Dorsal anterior cingulate cortex (1,12%)"
"Ch-128","long","S31","AF3","D26","F1","10-10","6","AF3","F1","Exact unordered 10-10 landmark pair","44","10,59","-23","52","32","9 - Dorsolateral prefrontal cortex","48,44","9 - Dorsolateral prefrontal cortex (48,44%); 46 - Dorsolateral prefrontal cortex (32,04%); 10 - Frontopolar area (16,89%); 8 - Includes Frontal eye fields (1,23%)"
"Ch-129","long","S31","AF3","D27","F5","10-10","7","AF3","F5","Exact unordered 10-10 landmark pair","44","15,11","-39","50","17","46 - Dorsolateral prefrontal cortex","49,34","46 - Dorsolateral prefrontal cortex (49,34%); 45 - pars triangularis Broca's area (32,12%); 10 - Frontopolar area (16,04%)"
"Ch-130","long","S31","AF3","D28","Fp1","10-10","4","AF3","Fp1","Exact unordered 10-10 landmark pair","27","7,06","-24","63","9","10 - Frontopolar area","69,63","10 - Frontopolar area (69,63%); 11 - Orbitofrontal area (20,12%); 46 - Dorsolateral prefrontal cortex (8,79%)"
"Ch-131","short","S31","AF3","D59","AF3","","","","","No direct fOLD match: co-located short-separation detector",,,,,,"",,""
"Ch-132","long","S32","AF7","D27","F5","10-10","9","AF7","F5","Exact unordered 10-10 landmark pair","33","9,23","-47","46","6","45 - pars triangularis Broca's area","48,79","45 - pars triangularis Broca's area (48,79%); 46 - Dorsolateral prefrontal cortex (43,20%); 47 - Inferior prefrontal gyrus (3,53%); 10 - Frontopolar area (2,72%); Brain_Outside (1,36%)"
"Ch-133","long","S32","AF7","D28","Fp1","10-10","8","AF7","Fp1","Exact unordered 10-10 landmark pair","30","4,97","-33","59","-2","11 - Orbitofrontal area","32,71","11 - Orbitofrontal area (32,71%); 46 - Dorsolateral prefrontal cortex (25,27%); 10 - Frontopolar area (25,13%); 47 - Inferior prefrontal gyrus (13,10%); Brain_Outside (3,37%)"
"Ch-134","short","S32","AF7","D60","AF7","","","","","No direct fOLD match: co-located short-separation detector",,,,,,"",,""
